chunk_number,heading,heading_level,page,content_sample
1,Document_Header,0,1-2,"HAL 4.0 MR1 Maintenance Release Document This document contains confidential, proprietary information of Varian Medical Systems. It may not be copied or reproduced without prior written permission from Varian Medical Systems. Doc Number Rev. Date D69533 05 Date of last e-Sign DND01F02 Rev 01 Page 1 of 34 hh HAL 4.0 MR1 HAL 4.0 MR1 New Release: HAL 4.0 Current Product: Key Changes/Reason for the Release: Address findings from Preclinical Evaluation and vetted customer facing issue/product backlog items. Address alignment with business needs for HyperSight requirements to extend CBCTp requirements to IGRT (kV CBCT). See section 1.0 for more details. Initial Estimated Schedule Activity Date Kick-Off 29 Sep 2022 Eng implementation & testing complete See Section 1.3.5 Verification TRR Complete DFR Validation TRR Complete V&V complete DTR Maintenance Release HAL 4.0 MR1 Maintenance Release Document This document contains confidential, proprietary information of Varian"
2,Document_Header (Continued),0,2,"Medical Systems. It may not be copied or reproduced without prior written permission from Varian Medical Systems. Doc Number Rev. Date D69533 05 Date of last e-Sign DND01F02 Rev 01 Page 2 of 34 Project Authorization & Planning Approval Name Function Date Signature Eric Lindquist Product Management Applicable only for project planning (Sec 1 to Sec 5.1) Rev 01 Approved for Project Authorization on 30-Sep-2022. Rev 02 Approved for Project Planning on 22-Nov-2022. Rev 03 Approved for Project Planning on 23-Jan-2023. Rev 04 Approved for Project Planning on 21-Feb-2023. Rev 05 Project Planning Approval: e-signatures on the last page of this document. Magdalena Product Management Constantin Quality Assurance Chi Tran (Independent Reviewer) Asha Dholakia Project Management Reviewers Name Function Dipesh Shah  Sr Mgr, Halcyon Software Felicia Hong Sr. Program Manager Jinkai Shi Electrical Engineer Hao Sun Mgr, Manufacturing Engineering Xiang Peng Mfg Project Manager"
3,Document_Header (Continued),0,2-3,"Dong Luo Mgr, Project/Program Management Stephan Warfield PSE Hardware Specialist Eric De Biasi Sr Technical Writer Judy Walthers von Alten Sr Project (Design) Manager Blaine Kim Manufacturing NPI Project Manager Priti Kamat Sr Project (Design) Manager Krystina Szafran Systems Engineer Magdalena Constantin Sr Product Manager Susan Koehl Sr Product Manager Jimmy Hernandez Bello Sr Product Marketing Manager Chi Tran Sr QA Engineer Stuart Crowther Sr Regulatory Specialist Mitko Katsev R&D - HWE SYS David Wu Sr Product Verification Engineer HAL 4.0 MR1 Maintenance Release Document This document contains confidential, proprietary information of Varian Medical Systems. It may not be copied or reproduced without prior written permission from Varian Medical Systems. Doc Number Rev. Date D69533 05 Date of last e-Sign DND01F02 Rev 01 Page 3 of 34 Laura Buchanan Validation Specialist Danica Wyatt Lead Systems Engineer Vaclav Brandejsky Mgr, Product Support Engineering"
4,Document_Header (Continued),0,3,"Jozef Veis Sr SW Engineer (Applications) Ed Snyder Sr Mgr, HW Development Engineering Maintenance Release Document Approval Name Role Date Signature Not applicable for Rev 04 (Project Planning approval). REV Date Name DOCUMENT CHANGE RECORD 01 29 Sep 2022 Asha Dholakia Initial version, Project Authorization (Page 1 & 2 Only) 02 03 Oct 2022 Asha Dholakia Planning Approval (Section 1 to Section 5.1 only) · Updated the scope · Updated project timeline · Updated section 1 through 5.1 03 03 Jan 2023 Asha Dholakia Planning Approval for Plan update · Updated the scope – Section 1.1 · Updated project timeline – Section 1.3.5. 04 9 Feb 2023 Asha Dholakia Planning Approval for Plan update · Updated the scope – Section 1.1 · Updated project timeline – Section 1.3.5 05 27 Feb 2023 Asha Dholakia Planning Approval for Plan update · Updated the scope – Section 1.1 (deleted issue# 1312481 from project scope) · Updated project timeline – Section 1.3.5 · Updated references section"
5,Document_Header (Continued),0,4,"HAL 4.0 MR1 Maintenance Release Document This document contains confidential, proprietary information of Varian Medical Systems. It may not be copied or reproduced without prior written permission from Varian Medical Systems. Doc Number Rev. Date D69533 05 Date of last e-Sign DND01F02 Rev 01 Page 4 of 34"
6,1. Maintenance Release Plan > 1.1 Project Overview:,2,4,"HAL 4.0 MR1 is a maintenance release to address findings from the preclinical evaluation, customer facing issues and backlog items. This program is not intended to include items driven by new, modified, or deleted requirements or features and will NOT require a 510K submission.  The changes introduced are software only and do not impact hardware. The additional scope for TRR2 is highlighted below in Table 1, which also presents a comprehensive list of the entire program scope. The added scope falls into 3 main categories: 1. SW Bugs reported by the Investigational Use Institutions or found during TRR1 V&V - if unsolved, these issues will very likely trigger customer complaints Issue 1312448 Strong artifact in clinical images with XL imager RTI8643iL [Investigational Use Finding] Issue 1311681 Migration of CBCT modes: the Iterative_Acuros reconstructions are not available for IGRT modes [TRR1 V&V] 1231691 CBCT Reconstructor Image wrong workstation name [TRR1 V&V]"
7,1. Maintenance Release Plan > 1.1 Project Overview: (Continued),2,4,1321058 kV Dose Report file (RDSR) not created for Ethos Session Image [TRR1 V&V]
8,2. SW Bugs absorbed from MR2 (upon program cancellation),1,4,"- if unsolved, these issues will very likely trigger customer complaints Product Feedback 1276583 Customer Tenders (MVP, AUMC) - Customer Access to Re-Capture Offsets for Bore Collision Detection Product Feedback 1276585 Customer Tenders (MVP, AUMC) - View only view of MPC Parameters Issue 1310863 HAL 4 MR1 - STB needs to be updated to include the AUMC changes Issue 1274921 HAL 4 Investigational Use - Reconstruction using MAR Acuros (1mm, Head Protocol) crashes [Investigational Use Finding] Issue 1284562 HET 4.0 VA00178863 Failed to allocate CUDA memory [Investigational Use Finding]"
9,3. AUMC features to support Customer Tenders,1,4-5,"Additionally, a business request to support Amsterdam University Medical Center (AUMC) features required an additional scope update. These features were originally scoped for HAL4.0 MR2 which has recently been canceled. -  1276583 Bore Collision Offset, this feature will be added to the Service Advanced Rights. This will improve serviceability for the Maintenance Technician during preventative maintenance. If the Maintenance Technician has this right, they will be able to recapture the bore collision offset in Service Mode after the reinstallation of the bore cover. This feature is currently only available for Varian Service via HASP protection. HASP access will be maintained for Varian Service. - 1276585 MV and kV offset, offset flatness, and gain values in Machine Performance Check HAL 4.0 MR1 Maintenance Release Document This document contains confidential, proprietary information of Varian Medical Systems. It may not be copied or reproduced without prior written"
10,3. AUMC features to support Customer Tenders (Continued),1,5,"permission from Varian Medical Systems. Doc Number Rev. Date D69533 05 Date of last e-Sign DND01F02 Rev 01 Page 5 of 34 Mode, the display of these values in Machine Performance Check Mode (MPC) will be added to the MPC configuration. The configuration will be HASP protected and will only be available to be enabled by Product Support Engineering. The change will not be available for all Halcyon installs. If this capability is enabled, the Maintenance Technician will be able to review these values in Machine Performance Check Mode during preventative maintenance. The display of these values is currently only available for Varian Service via HASP protection. HASP access will be maintained for Varian Service. The impact of all these changes on the schedule is captured in Sec. 1.3.5. Table 1 below lists the ADLM query results per run performed on March 1, 2023 (Link). The incremental scope for TRR2 is highlighted. Table 1: HAL 4 MR1 program scope (ADLM) ID Title Work Item Type Team 1"
11,3. AUMC features to support Customer Tenders (Continued),1,5,1212969  HAL4.0-Analog +3V issue Issue TM HAL Applications 2 1213513  HAL4.0 BGM node Flag error Issue TM HAL Applications 3 1218526  Error while closing the CBCTp Patient with ARIA ChartPrint - Cannot print paper chart after CBCTp Issue TM HAL Applications 4 1228365  Re-reconstruction of an extended CBCT in CBCTp Review workspace may result in a volume with gap/empty slices in the center. Issue TM HAL Imaging 5 1228372  HAL4.0 CBCT workstation Image update Issue TM HAL Manufacturing 6 1231691 CBCT Reconstructor Image wrong workstation name Issue TM HAL Imaging 7 1248045  Halcyon v4.0TRR3 Ember Deployment Definition directory contains Halcyon and TrueBeam deployment files Issue TM HAL Applications 8 1262145  PeerSync - SW changes for PeerSync configuration to support MPC business needs Issue TDS Halcyon PO 9 1264472  HAL 4 Pre-clinical finding - Customers unable to perform IGRT using a slow scan time for High Performance Imager Issue TDS Halcyon PO
12,10 1264480  HU Calibration Check (water insert) in clinical mode to be,1,5,performed for all configurations with XL imager Issue TM HAL Imaging
13,11 1264485  Reconstruction Mode missing in IGRT DICOM image comments,1,5,(Ethos support) Issue TM HAL Imaging
14,12 1267196  PeerSync- SW changes for PeerSync configuration to support MPC,1,5,business needs (STB update) Issue TDS Halcyon PO
15,13 1267201  PeerSync - MPC Reference Guide requires changes for PeerSync,1,5,configuration option (CRN) Issue TDS Halcyon PO
16,14 1274921  HAL 4 Investigational Use - Reconstruction using MAR Acuros,1,5-6,"(1mm, Head Protocol) crashes Issue TM TDIS Imaging Algorithms HAL 4.0 MR1 Maintenance Release Document This document contains confidential, proprietary information of Varian Medical Systems. It may not be copied or reproduced without prior written permission from Varian Medical Systems. Doc Number Rev. Date D69533 05 Date of last e-Sign DND01F02 Rev 01 Page 6 of 34"
17,15 1284562  HET 4.0 VA00178863 Failed to allocate CUDA memory,1,6,Issue TM TDIS Imaging Algorithms
18,16 1284660  HAL 4 Investigational Use - HU uniformity cupping effect,1,6,Issue TM TDIS Imaging Algorithms
19,17 1310863  HAL 4 MR1 - STB needs to be updated to include the AUMC,1,6,changes Issue TDS Halcyon PO
20,18 1311681  Migration of CBCT modes: the Iterative_Acuros reconstructions are,1,6,not available for IGRT modes Issue TM HAL Imaging
21,19 1312448  Strong artifact in clinical images with XL imager RTI8643iL,1,6,Issue TM TDIS Imaging Algorithms
22,20 1321058 kV Dose Report file (RDSR) not created for Ethos Session Image,1,6,Issue TM HAL Imaging
23,21 1164978  HAL v4.0 Factory Image must have SmartConnectSC2019,1,6,Issue TM HAL Applications
24,"22 1182497  Motion monitoring box disappeared after beam on, when",1,6,monitoring region was placed at topmost position in live view. Issue TM HAL Applications
25,23 1197032  HAL4.0 MR1 - Correct the Display of MaximQA & IDENTIFY&,1,6,HyperSight Product Backlog Item TM HAL Applications
26,24 1276643  HAL 4 MPC - support business needs for HyperSight (Advanced,1,6,Imaging) Product Backlog Item TDS Halcyon PO
27,25 1237875  Different tolerances of Pixel size validation checks for plan creation,1,6,and session preparation processes Product Backlog Item TM HAL Imaging
28,26 1251923  Improve UX Issue - Machines going into Standby,1,6,Product Backlog Item TM HAL Applications
29,27 1253934  UX - Misalignment of the laser bar in CBCTp,1,6,Product Backlog Item TM HAL Applications
30,"28 1276583  Customer Tenders (MVP, AUMC) - Customer Access to Re-Capture",1,6,Offsets for Bore Collision Detection Product Feedback TDS Halcyon PO
31,"29 1276585  Customer Tenders (MVP, AUMC) - View only view of MPC",1,6-7,"Parameters Product Feedback TDS Halcyon PO HAL 4.0 MR1 Maintenance Release Document This document contains confidential, proprietary information of Varian Medical Systems. It may not be copied or reproduced without prior written permission from Varian Medical Systems. Doc Number Rev. Date D69533 05 Date of last e-Sign DND01F02 Rev 01 Page 7 of 34 1.2 Project Roles, Team, and Responsibilities Name Title Roles (as defined in DND0101 RACI) Sr SW Engineer (Applications) Thirumali Valliappan Design Implementation Jozef Veis Sr SW Engineer (Applications) Design Implementation Strzepka, Katarzyna  Product Verification Engineer Design Implementation Vaclav Brandejsky Mgr, Product Support Engineering Design Implementation Jason Wiener/Danica Lead Systems Engineer Design Implementation Wyatt Magdalena Constantin Sr Product Manager Product Management Asha Dholakia Project (Design) Mgr Project Management Jimmy Hernandez Bello Sr Product Marketing Manager Marketing"
32,"29 1276585  Customer Tenders (MVP, AUMC) - View only view of MPC (Continued)",1,7-8,"Chi Tran Sr QA Engineer Quality Assurance Krystina Szafran Systems Engineer Risk Management Stuart Crowther Sr Regulatory Specialist Regulatory Affairs Mitko Katsev SME Cybersecurity Cybersecurity Ramakrishna Narne Mgr, SW Engineer (Applications) DevOps Laura Buchanan Validation Specialist Test David Wu Sr Product Verification Engineer Test Jennifer Lin/ Haiping Wang/ Wei Chen Master Scheduler Technical Sourcing Specialist SC NP coordinator Supply Chain Dong Luo, Hao Sun, Xiang Peng, Jinkai Shi, Elf Du Mfg PM/Eng (Beijing) Manufacturing Priti Kamat Sr Project (Design) Manager GlobalOps Field NPI Judy Walthers von Alten, Eric De Biasi Sr Project (Design) Manager, Global Product Labeling Sr Technical Writer Stephan Warfield  PSE Hardware Specialist PLCS, GCS Adam Strzelecki Sr Staff Research Scientist Design Implementation HAL 4.0 MR1 Maintenance Release Document This document contains confidential, proprietary information of Varian"
33,"29 1276585  Customer Tenders (MVP, AUMC) - View only view of MPC (Continued)",1,8,Medical Systems. It may not be copied or reproduced without prior written permission from Varian Medical Systems. Doc Number Rev. Date D69533 05 Date of last e-Sign DND01F02 Rev 01 Page 8 of 34 Resource / Name Constraint/Com Variance* ment Oct 22 Nov 22 Dec 22 Jan 23 Feb 23 Mar 23 Apr 23 May 23 Dipesh Shah Team 4.0 4.0 4.0 4.0 4.0 4.0 4.0 4.0 20% NA Jozef Veis (Team incl. SQE) 8.0 25.0 15.0 25.0 25.0 15.0 4.0 4.0 20% NA Danica Wyatt 0.2 0.2 0.2 0.2 0.2 0.2 0.2 0.2 20% NA Magdalena Constantin 0.5 0.5 0.5 0.5 0.5 0.5 0.5 0.5 20% NA Asha Dholakia 1.0 1.0 1.0 1.0 1.0 1.0 1.0 1.0 20% NA Jimmy Hernandez Bello 0.05 0.25 0.2 0.35 0.35 0 0 0 20% NA Chi Tran 0.5 0.5 0.5 0.7 0.7 0.7 0.5 0.5 20% NA Krystina Szafran 0.2 0.5 0.5 0.2 0.2 0.2 0.2 0.2 20% NA Stuart Crowther 0.05 0.05 0.05 0.05 0.05 0.05 0.05 0.05 20% NA Laura Buchanan 0.1 0.8 0.8 2.4 2.4 1.6 1.6 1.6 20% NA 1.0 David Wu 1.0 4.5 5.0 5.0 5.0 5.0 5.0 20% NA Xiang Peng 0.2 0.2 0.2 0.2 0.2 0.2 0.2 0.2 20% NA
34,"29 1276585  Customer Tenders (MVP, AUMC) - View only view of MPC (Continued)",1,8-9,"Hao Sun 0.2 0.2 0.2 0.2 0.2 0.2 0.2 0.2 20% NA Priti Kamat 0.2 0.2 0.2 0.2 0.2 0.2 0.2 0.2 20% NA Judy Walthers von Alten 0 0.1  0.1 0.1  0 0 0 0 20% NA Eric De Biasi 0 0.1  0.1 0.1  0 0 0 0 20% NA Stephan Warfield 0.2 0.2 0.2 1.0 1.0 1.0 1.0 1.0 20% NA Paul Ugalde  0.2 0.2 0.2 1.0 1.0 1.0 1.0 1.0 20% NA Hai Ping Wang 0 0 0.05 0.05 0.05 0.05 0.05 0.05 20% NA Jennifer Lin 0 0 0.05 0.05 0.1 0.1 0.1 0.1 20% NA Adam Strzelecki (team incl.) 0.2 0.5 0.5 0.1 0 0 0 0 20% NA HAL 4.0 MR1 Maintenance Release Document This document contains confidential, proprietary information of Varian Medical Systems. It may not be copied or reproduced without prior written permission from Varian Medical Systems. Doc Number Rev. Date D69533 05 Date of last e-Sign DND01F02 Rev 01 Page 9 of 34 Allowable Category Total CostComment Variance* Engineering Labor $370,6394 +25% / 10% NA NA +25% / 10% No external service/testing Consulting Materials/Licenses $10,000 +25% / 10% Mfg labor cost to support test build Travel"
35,"29 1276585  Customer Tenders (MVP, AUMC) - View only view of MPC (Continued)",1,9,$7000 +25% / 10% $2000 – PDM travel cost $5000 – Travel to Palo Alto and or site for PSE Imaging.
36,"29 1276585  Customer Tenders (MVP, AUMC) - View only view of MPC > 1.3 Project Management Process > 1.3.1 Project Controls",3,9-10,"Following project Metrics will be tracked: · Schedule · Engineering testing efforts · V&V testing efforts · DR Statistics · Project costs The project metrics will be regularly reviewed during · Project team meetings · Program Review meetings · Management reviews Major deviations in scope shall also be escalated to the HAL Products Portfolio. Planning Assumptions: · Project scope is limited to the approved MVP HAL 4.0 MR1 Maintenance Release Document This document contains confidential, proprietary information of Varian Medical Systems. It may not be copied or reproduced without prior written permission from Varian Medical Systems. Doc Number Rev. Date D69533 05 Date of last e-Sign DND01F02 Rev 01 Page 10 of 34 · Project scope is limited to SW changes only that have been defined in section 1.1 · SN1772 (SN3 replacement) install timing will be post HAL 4.0 MR1 test activities completion. · No impact on regulatory submission · No HW changes"
37,"29 1276585  Customer Tenders (MVP, AUMC) - View only view of MPC > 1.3 Project Management Process > 1.3.1 Project Controls (Continued)",3,10,· No impact to the Halcyon and Ethos Radiotherapy System V4.0 price book Quality Control and Targets: · No new priority P1 or P2 DRs introduced with this maintenance release. · 2 or less P3 DRs at DTR. · Remove at least 25%% of the HAL4.0 CRN entries. Methodologies to Achieve Quality Target: · DR Reviews will be held as needed.
38,"29 1276585  Customer Tenders (MVP, AUMC) - View only view of MPC > 1.3 Project Management Process > 1.3.2 Design Control",3,10,"MRD scaling option C justification · This release happens at the same time with the GA (general availability) release for HAL 4.0 · The release does not introduce new functionality. · The release has no functional impact on the devices with which it interfaces, which means it is system and release independent. · No regulatory device registration is planned due to the results of this project."
39,"29 1276585  Customer Tenders (MVP, AUMC) - View only view of MPC > 1.3 Project Management Process > 1.3.3 Design Output Review",3,10,No separate Design Output Review (DOR) will be performed. An approval of the final MRD shall confirm that the design output activities have passed and closed.
40,"29 1276585  Customer Tenders (MVP, AUMC) - View only view of MPC > 1.3 Project Management Process > 1.3.4 Project Risk Management",3,10-12,"This section considers project risk management. Note that product risks and hazards are handled separately in the Risk Management Plan. HAL 4.0 MR1 Maintenance Release Document This document contains confidential, proprietary information of Varian Medical Systems. It may not be copied or reproduced without prior written permission from Varian Medical Systems. Doc Number Rev. Date D69533 05 Date of last e-Sign DND01F02 Rev 01 Page 11 of 34 · Addition of TRR2 and delay in the overall project timeline due to update in the project scope. · Timing of service activities (Documentation and upgrade path testing). · There is high probability of having new findings during TRR2 testing that will trigger a TRR3. · Cell Availability · Resource availability The project risk details are in the link below: Project: Information: HAL 4.0 MR1 - Power Apps (dynamics.com) HAL 4.0 MR1 Maintenance Release Document This document contains confidential, proprietary information of Varian"
41,"29 1276585  Customer Tenders (MVP, AUMC) - View only view of MPC > 1.3 Project Management Process > 1.3.4 Project Risk Management (Continued)",3,12,Medical Systems. It may not be copied or reproduced without prior written permission from Varian Medical Systems. Doc Number Rev. Date D69533 05 Date of last e-Sign DND01F02 Rev 01 Page 12 of 34
42,"29 1276585  Customer Tenders (MVP, AUMC) - View only view of MPC > 1.3 Project Management Process > 1.3.5 Project Schedule",3,12,Name Duration Start Finish Project Kick-off 1 day 9/29/2022 9/29/2022 MRD Project Authorization 1 day 9/30/2022 9/30/2022 Engineering Implementation 73 days 10/3/2022 1/11/2023 MRD Planning Approval Rev02 5 days 11/17/2022 11/23/2022 MRD Planning Approval Rev03 9 days 1/11/2023 1/23/2023 Thanksgiving Holiday Break 5 days 11/21/2022 11/25/2022 Christmas Shut Down 7 days 12/23/2022 1/2/2023 Test cell/lab ready for VER/VAL dry run 6 days 1/5/2023 1/12/2023 Informal VER Testing/Dry Run Testing 5 days 1/12/2023 1/18/2023 Service dry-run on actual machine (SN3/SN9) 5 days 1/16/2023 1/20/2023 Service dry-run in lab setup 20 days 3/6/2023 3/31/2023 Informal VAL Testing/Dry run testing 3 days 1/19/2023 1/23/2023 ERM/BAT/TSCL (TRR1) 7 days 1/16/2023 1/24/2023 Verification TRR1 Approval 1 day 1/24/2023 1/24/2023 Formal Verification Testing (TRR1) 11 days 1/24/2023 2/7/2023 Formal Verification Regression Testing (TRR1) 12 days 2/7/2023 2/22/2023 MRD Planning Approval Rev04 for planning verificatio
43,"29 1276585  Customer Tenders (MVP, AUMC) - View only view of MPC > 1.3 Project Management Process > 1.3.5 Project Schedule (Continued)",3,12-13,"TRR2 9 days 2/13/2023 2/23/2023 MRD Planning Approval Rev04 for scope update for TRR2 4 days 2/27/2023 3/2/2023 MRD Planning Approval Rev04 for scope update for TRR2 4 days 2/27/2023 3/2/2023 All changes received/fix done 1 day 2/17/2023 2/17/2023 Verification TRR2 SW build ready 1 day 2/22/2023 2/22/2023 ERM/BAT/TSCL (TRR2) 7 days 2/23/2023 3/3/2023 Verification TRR2 approval 2 days 3/3/2023 3/6/2023 SW Disk image ready (TRR2) 10 days 3/6/2023 3/17/2023 Formal verification testing TRR2 15 days 3/6/2023 3/24/2023 Informal VAL testing/dry run testing (TRR2 build) 7 days 3/14/2023 3/22/2023 Baden Eng activities on SN6 22 days 1/20/2023 3/24/2023 CRN Update and approval 40 days 1/16/2023 3/10/2023 HAL 4.0 MR1 Maintenance Release Document This document contains confidential, proprietary information of Varian Medical Systems. It may not be copied or reproduced without prior written permission from Varian Medical Systems. Doc Number Rev. Date D69533 05 Date of last e-Sign DND01F02 Rev 01"
44,"29 1276585  Customer Tenders (MVP, AUMC) - View only view of MPC > 1.3 Project Management Process > 1.3.5 Project Schedule (Continued)",3,13,Page 13 of 34 Publish CRN (English) 1 day 3/13/2023 3/13/2023 CRN Localization 21 days 3/31/2023 4/28/2023 Golden Media Testing and verification 3 days 4/3/2023 4/5/2023 STB and service documentation update (drafted and reviewed) 26 days 2/23/2023 3/30/2023 Service Plan Update and approval 15 days 3/10/2023 3/30/2023 DFR Approval 1 day 4/3/2023 4/3/2023 Validation environment upgrade testing (Service) 3 days 4/4/2023 4/6/2023 Validation TRR Approval 1 day 4/10/2023 4/10/2023 Formal Validation Testing and Regression Testing 7 days 4/11/2023 4/19/2023 V&V Documentation Complete 5 days 4/20/2023 4/26/2023 V&V Complete (Approval) 1 days 4/27/2023 4/27/2023 Manufacturing Practice with TRR2 image 7 days 3/13/2023 3/21/2023 7 days 3/13/2023 3/21/2023 · Console test build SW ECN Authorization 3 days 4/20/2023 4/24/2023 Final MRD Approval 3 days 4/28/2023 5/2/2023 ECN approval 5 days 4/25/2023 5/4/2023 DTR 1 (field upgrades only) 1 day 5/5/2023 5/5/2023
45,"29 1276585  Customer Tenders (MVP, AUMC) - View only view of MPC > 1.3 Project Management Process > 1.3.5 Project Schedule (Continued)",3,13-14,"SW ECN implementation 13 days 5/4/2023 5/17/2023 5 days 5/4/2023 5/10/2023 · MI & MBOM update/release 5 days 5/11/2023 5/17/2023 · MES update Production Qualification 15 days 5/18/2023 6/7/2023 DTR 2 (production cut-in) 1 day 6/16/2023 6/16/2023 Note: DTR 1 is to release the field upgrade procedure for upgrading HAL 4.0 to HAL 4.0 MR1 and to meet the business goals. DTR 2 is for production machine build process and for HAL 4.0 GA readiness. Timeline is valid only for the approved scope in this MRD. HAL 4.0 MR1 Maintenance Release Document This document contains confidential, proprietary information of Varian Medical Systems. It may not be copied or reproduced without prior written permission from Varian Medical Systems. Doc Number Rev. Date D69533 05 Date of last e-Sign DND01F02 Rev 01 Page 14 of 34"
46,"29 1276585  Customer Tenders (MVP, AUMC) - View only view of MPC > 1.4 Tools",2,14,"LL127 VMP Inventory Dashboard contains complete list of all tools validated for all Varian sites. https://teamup.varian.com/sites/vit/validation/Lists/Test%20VMP%20Inventory/AllItems.aspx New software will be developed using C# language using Windows Presentation Framework (WPF). Visual Studio and Microsoft TFS will be used as integrated development environment (IDE). Presently, the project scope is limited to windows applications. If the scope adds embedded software development, then those tools used by that group will be added. Tool Name  Version  Validation Report Team Foundation Server  15.117.26714.0  L14146 Validation Summary Report Visual Studio  Version 2019  L13906 Validation Summary Report ADLM  R8.0 and above LL127 Validation Master Plan Inventory https://teamup.varian.com/sites/vit/validation/Lists/Tes t%20VMP%20Inventory/AllItems.aspx?View={7905D0 F2-7C6B-40AD-BC17- 443BB02DCC0D}&SortField=LinkTitle&SortDir=Asc& Filter=1 Livelink DNA - Document"
47,"29 1276585  Customer Tenders (MVP, AUMC) - View only view of MPC > 1.4 Tools (Continued)",2,14,1.0  L4477 Validation Summary Report Numbering DHF Publishing Tool  1.0  L17931 Validation Summary Report Passolo  2018  L15739 Validation Summary Report PTW Octavius  1.0 L12266 Validation Summary Report for Varian Pre- Treatment Plan Quality Assurance System v1.0 L14630 Validation Summary Report for Arccheck Pre- treatment Plan Quality Assurance System v1.0 L13028 Validation Summary Report for PTW Isocheck v1.2 L16446 PSW VALIDATION RECORD-6.6 Validation TPMS Software Emulator  OSiM 1.011 Summary Report for OSim 1.011 Microsoft Visual Studio T4 Tool (Part of VS 2017) 2017 L14236-Rev 02-PSW VALIDATION RECORD-6.6 Validation Summary Report for Microsoft Visual Studio 2017 Coverity Static Code Analysis  2021.12.2  L19540 Impact Assessment Coverity 2021.12.2 Blackduck – Vulnerability assessment tool for software components 2022.10.3 Validation Master Plan Inventory - BlackDuck 2022.10 (varian.com) Document Overview: Impact Assessment- Black_Duck-2021.10.3.pdf (varian.com)
48,"29 1276585  Customer Tenders (MVP, AUMC) - View only view of MPC > 1.4 Tools (Continued)",2,14-15,"L17311 - Validation Summary Report Document Overview: L17311-Rev 01-PSW VALIDATION RECORD-6.6 Validation Summary Report for Black Duck 2020.4.1.pdf (varian.com) HAL 4.0 MR1 Maintenance Release Document This document contains confidential, proprietary information of Varian Medical Systems. It may not be copied or reproduced without prior written permission from Varian Medical Systems. Doc Number Rev. Date D69533 05 Date of last e-Sign DND01F02 Rev 01 Page 15 of 34"
49,"29 1276585  Customer Tenders (MVP, AUMC) - View only view of MPC > 1.5 Software Configuration Management",2,15,"The Software Configuration Management process in this section will be defined by the Development Operations team (DevOps@varian.com) during Elaboration. Infrastructure, Repositories, and Branching Strategy are defined in the sections following. For HAL 4.0, we have migrated all the console, embedded, NLS, and system builds from legacy XAML builds into TFS Azure Build Pipelines (vNext). For HAL 4.0, we will be providing a centralized deployment tool that would upgrade all console software from a centralized location. Formal builds will be available at: \\pa-netapp10\pa_tfsbuild\HAL Released software will be in Edgecast: https://pse.oscs.varian.com/"
50,"29 1276585  Customer Tenders (MVP, AUMC) - View only view of MPC > 1.5 Software Configuration Management > 1.5.1 Build Infrastructure and Repositories",3,15,"Installation, Operation and Performance Qualification [IQOQPQ] documents of the respective Build servers used to generate Console, Embedded, Imaging components, Ember Software and Prerequisite, NLS and System builds are uploaded to DHF and mentioned in the IQOQPQ documents listed below. D68533 IQOQPQ VM PABUILDHAL5 Rev 01.pdf D68551 IQOQPQ_VM_PAHAL40EMB Rev 1.0.docx.pdf D68586_IQOQPQ_VM_PABUILD33 Rev 1.0.docx.pdf D68723_IQOQPQ_VM_PABUILDDIGSIG01_01.pdf D69012 IQOQPQ_VM_EU-TFS19BLD11 Rev 1.pdf"
51,"29 1276585  Customer Tenders (MVP, AUMC) - View only view of MPC > 1.5 Software Configuration Management > 1.5.2 Branching Strategy",3,15-16,"Source code and Branching strategies for all the Console, Embedded, Imaging components Ember Software and Prerequisite, NLS and System builds are uploaded to DHF and mentioned in the Software Build Procedure documents listed below. · D67594_Halcyon_4.0_Console_Software_Build_Procedure_Rev_01.pdf · D68456 Halcyon 4.0 RTSS Build Procedure Rev 01.docx.pdf · D67814_XS_4.0_SBP_XINode_Rev_01.docx.pdf · D42334 CR SBP Rev 05.docx.pdf · D68539_MPC_2.37_SBP_Rev_01.pdf · D68717_HAL4_TI_2.37_SBP_Rev_02.docx.pdf · D68585 TDIS Ember Build Procedure Rev 01.docx.pdf · D67595_Halcyon_4.0_System_Build_Procedure_Rev_02.pdf HAL 4.0 MR1 Maintenance Release Document This document contains confidential, proprietary information of Varian Medical Systems. It may not be copied or reproduced without prior written permission from Varian Medical Systems. Doc Number Rev. Date D69533 05 Date of last e-Sign DND01F02 Rev 01 Page 16 of 34"
52,"29 1276585  Customer Tenders (MVP, AUMC) - View only view of MPC > 1.5 Software Configuration Management > 1.5.2 Branching Strategy (Continued)",3,16,The HAL 4.0 MR1 will be continuation of HAL 4.0 source code release branch in the team foundation server (TFS).
53,"29 1276585  Customer Tenders (MVP, AUMC) - View only view of MPC > 1.5 Software Configuration Management > 1.5.3 Software Promotion to Engineering and to SQE",3,16,"Software Promotion to Engineering and SQE for all the Console, Embedded, Imaging components Ember Software and Prerequisite, NLS and System builds are uploaded to DHF and mentioned in the Software Build Procedure documents listed below. · D67594_Halcyon_4.0_Console_Software_Build_Procedure_Rev_01.pdf · D68456 Halcyon 4.0 RTSS Build Procedure Rev 01.docx.pdf · D67814_XS_4.0_SBP_XINode_Rev_01.docx.pdf · D42334 CR SBP Rev 05.docx.pdf · D68539_MPC_2.37_SBP_Rev_01.pdf · D68717_HAL4_TI_2.37_SBP_Rev_02.docx.pdf · D68585 TDIS Ember Build Procedure Rev 01.docx.pdf · D67595_Halcyon_4.0_System_Build_Procedure_Rev_02.pdf Individual Software components are built using Continuous Integration and Nightly schedule Builds. Automation is run at each check-in and Nightly automation on the scheduled CI builds During a release once the build is stable and ready for release HAL-Main Source code is stomped onto PR branch. All the builds are created on the PR branch with the right versioning and Promoted"
54,"29 1276585  Customer Tenders (MVP, AUMC) - View only view of MPC > 1.5 Software Configuration Management > 1.5.3 Software Promotion to Engineering and to SQE (Continued)",3,16,to SQE for verification.
55,"29 1276585  Customer Tenders (MVP, AUMC) - View only view of MPC > 1.5 Software Configuration Management > 1.5.4 SOUP",3,16-17,"We have evaluated all our off the shelf (OTS) software, none of which results in post-mitigation hazard. We have therefore concluded that the level of concern for all OTS software is minor. Please see Table below for basic details regarding the OTS software components. Note, no additional instruction is needed to the user with regards to these software components. All SOUP items used in the device to be released or needed as a pre-requisite for this device to operate will be described in the System Design Description (SyDD) document or Subsystem Design Description (SysDD) document for this release. Corresponding failure modes and potential safety risks will be analyzed as part of the Risk Management activities. HAL 4.0 MR1 Maintenance Release Document This document contains confidential, proprietary information of Varian Medical Systems. It may not be copied or reproduced without prior written permission from Varian Medical Systems. Doc Number Rev. Date D69533 05 Date of last e-Sign"
56,"29 1276585  Customer Tenders (MVP, AUMC) - View only view of MPC > 1.5 Software Configuration Management > 1.5.4 SOUP (Continued)",3,17,"DND01F02 Rev 01 Page 17 of 34 Details regarding Varian Off the Shelf Software: Table 4: Details regarding Varian Off the Shelf Software SOFTWARE  Manufacturer Unique SOUP Identifier (e.g. version, release date, patch number) Documentation Supplied to End User Windows 10  Microsoft Corporation Windows 10 Enterprise 2016 LTSB Version 1607, Released Date 8/2/2016, OS build 14393.1198 None VxWorks  Wind River  Version 6.9 32  None Network Shutdown EATON  Version 3.21  None Module Enterprise Library 5.0  Microsoft Corporation  Version 5.0.414.0  None .NET Framework Redistributable Package Microsoft Corporation  Version 1.1  None .NET Framework Redistributable Package Microsoft Corporation  Version 4.0.30319, full profile None Microsoft DirectX  Microsoft Corporation  Version 11  None Visual C++ 2005 Redistributable Microsoft Corporation  Version 8.0.56336  None Visual C++ 2005 Redistributable x64 Microsoft Corporation  Version 8.0.61000  None Visual C++ 2005 Redistributable"
57,"29 1276585  Customer Tenders (MVP, AUMC) - View only view of MPC > 1.5 Software Configuration Management > 1.5.4 SOUP (Continued)",3,17-18,Microsoft Corporation  Version 8.0.61001  None Visual C++ 2008 x86  Microsoft Corporation  Version 9.0.21022  None Visual C++ 2008 x86 x64  Microsoft Corporation  Version 9.0.30729.6161  None Visual C++ 2010 x86 Runtime Microsoft Corporation  Version 10.0.30319  None Visual C++ 2010 x64 Runtime Microsoft Corporation  Version 10.0.40219  None Visual C++ 2013 x86 Runtime Microsoft Corporation  Version 12.0.30501  None Visual C++ 2013 x64 Runtime Microsoft Corporation  Version 12.0.30501  None Visual C++ 2015 x86 Runtime Microsoft Corporation  Version 14.0.23026.0  None Visual C++ 2015 x64 Runtime Microsoft Corporation  Version 14.0.24215.1  None Visual C++ 2017 x64 Runtime Microsoft Corporation  Version 14.15.26706.0  None MSXML 4.0 SP2 Parser and SDK Microsoft Corporation  Version 4.20  None MSXML 4.0 SP3 Parser  Microsoft Corporation  Version 4.30.  None Log Parser  Microsoft Corporation  Version 2.2.10  None HAL 4.0 MR1 Maintenance Release Document
58,"29 1276585  Customer Tenders (MVP, AUMC) - View only view of MPC > 1.5 Software Configuration Management > 1.5.4 SOUP (Continued)",3,18,"This document contains confidential, proprietary information of Varian Medical Systems. It may not be copied or reproduced without prior written permission from Varian Medical Systems. Doc Number Rev. Date D69533 05 Date of last e-Sign DND01F02 Rev 01 Page 18 of 34 PeerSync  Peer Software, Inc.  Version 8.5  None VNC Server  RealVNC Ltd.  Version 5.0.4  None PDF Printer  Acro Software Inc.  Version 3.1  None DirectShowLib-2005  SourceForge (Open Source) Version 1.3  None DotNetZip (Ionic.Zip)  Xceed (Open Source)  Version 1.9.1.5  None ChartFX  Software FX  Version 7.0  None LiveView Camera Driver  StarTech  Version 5.2011.307.0  None Google.Protobuf  Google  Version 3.1.0  None Microsoft.AspNet.WebAp i.Client Microsoft Corporation  Version 5.2.3  None Microsoft.AspNet.WebAp i.Core Microsoft Corporation  Version 5.2.3  None Microsoft.AspNet.WebAp i.Owin Microsoft Corporation  Version 5.2.3  None Microsoft.Owin  Microsoft Corporation  Version 3.0.1  None Microsoft.Owin.Host.Http Listene"
59,"29 1276585  Customer Tenders (MVP, AUMC) - View only view of MPC > 1.5 Software Configuration Management > 1.5.4 SOUP (Continued)",3,18-19,"Microsoft Corporation  Version 3.1.0  None Microsoft.Owin.Hosting  Microsoft Corporation  Version 3.0.1  None Newtonsoft.Json  Newtonsoft  Version 9.0.1  None Owin  Microsoft Corporation  Version 1.0.0  None HAL 4.0 MR1 Maintenance Release Document This document contains confidential, proprietary information of Varian Medical Systems. It may not be copied or reproduced without prior written permission from Varian Medical Systems. Doc Number Rev. Date D69533 05 Date of last e-Sign DND01F02 Rev 01 Page 19 of 34 1.6 Operations and Service Readiness Plan Database Migration Path N/A Upgrade Environment for Service activities: Upgrade to v3.0 v3.1 v4.0 4.0MR1 1U 6911SBC WS Dell 7910 WS iCBCT (with 2 GPUs/KV machine): Use Lab setup 1U 6911SBC WS Dell 7910 WS iCBCT (with 2 GPUs/KV machine): Use Lab setup N/A 4.0MR1 1U 6911SBC WS Dell XE2 CBCT WS (non iCBCT/no GPUs/MV machine): Use Lab setup 1U 6911SBC WS Dell XE2 CBCT WS (non iCBCT/no GPUs/MV machine): Use Lab setup N/A"
60,"29 1276585  Customer Tenders (MVP, AUMC) - View only view of MPC > 1.5 Software Configuration Management > 1.5.4 SOUP (Continued)",3,19,"4.0MR1 4U 6911SBC WS (iCBCT/with 2 GPUs/KV machine): Use UX2/Lab setup 4U 6911SBC WS (iCBCT/with 2 GPUs/KV machine): Use UX2/Lab setup SN9 4U 6911SBC WS (iCBCT/with 2 GPUs/KV machine): Use SN3 or SN4 4.0MR1 4U 6911SBC WS (non-iCBCT/MV machine): Use Milpitas Lab setup 4U 6911SBC WS (non-iCBCT/MV machine): Use Milpitas Lab setup 4U 6911SBC WS (non- iCBCT/MV machine): Use Milpitas setup Design Transfer, Product Deliverables · System images need to be updated for delivering to factory and installation team. · HAL4.0 MR1 only upgrade software (no additional hardware upgraded), which means no impact on vendors. · HAL4.0 MR1 will change workstation image dash number. System version upgrade from 4.0 to 4.0.1. · The image in golden disk should be updated. · MI for software loading should be trained. Console, cage, cell test procedure and automation tooling are affected whose trainings are through EC cutting in Kemnath and Beijing."
61,"29 1276585  Customer Tenders (MVP, AUMC) - View only view of MPC > 1.5 Software Configuration Management > 1.5.4 SOUP (Continued)",3,19-20,"· HAL4.0 MR1 impacts on Beijing and Kemnath as showed below, but there is no impact on San Jose LSC. Doc # Description Main change in MI PCP impacted Impact site Kemnath、BJ D44776 Cell testing One screenshot needs update-3V N/A HAL 4.0 MR1 Maintenance Release Document This document contains confidential, proprietary information of Varian Medical Systems. It may not be copied or reproduced without prior written permission from Varian Medical Systems. Doc Number Rev. Date D69533 05 Date of last e-Sign DND01F02 Rev 01 Page 20 of 34 · Details of changes are listed as below. Deliverable Production Changed Item Cut-In date Production EC# Location / Vendor P1055475 WORKSTATION IMAGES, HAL4.0 Change dash number from 001 to 002 for HAL4.0.1 software 5/10/2023  TBD VMS BJ P1055496 IMAGE, TREATMENT WORKSTATION Need roll version from D to E for HAL4.0.1 version software if need 5/10/2023  TBD VMS BJ P1055497 IMAGE, IRM WORKSTATION Need roll version from C to D for HAL4.0.1 version software if need"
62,"29 1276585  Customer Tenders (MVP, AUMC) - View only view of MPC > 1.5 Software Configuration Management > 1.5.4 SOUP (Continued)",3,20-21,"5/10/2023  TBD VMS BJ P1055498 IMAGE, SERVICE WORKSTATION Need roll version from C to D for HAL4.0.1 version software if need 5/10/2023  TBD VMS BJ P1058407 IMAGE, PBI, CR WORKSTATION Need roll version from C to D for HAL4.0.1 version software if need 5/10/2023  TBD VMS BJ P1058408 IMAGE, SBU, CR WORKSTATION Need roll version from C to D for HAL4.0.1 version software if need 5/10/2023  TBD VMS BJ P1055510 SOFTWARE BUILD, HAL4.0 Need roll version from C to D for HAL4.0.1 version software if need 5/10/2023  TBD VMS BJ P1055511 SOFTWARE PREREQUISITES, HAL4.0 Need roll version from C to D for HAL4.0.1 version software if need 5/10/2023  TBD VMS BJ P1055512 NLS SOFTWARE BUILD, HAL4.0 Need roll version from C to D for HAL4.0.1 version software if need 5/10/2023  TBD VMS BJ HAL 4.0 MR1 Maintenance Release Document This document contains confidential, proprietary information of Varian Medical Systems. It may not be copied or reproduced without prior written"
63,"29 1276585  Customer Tenders (MVP, AUMC) - View only view of MPC > 1.5 Software Configuration Management > 1.5.4 SOUP (Continued)",3,21,"permission from Varian Medical Systems. Doc Number Rev. Date D69533 05 Date of last e-Sign DND01F02 Rev 01 Page 21 of 34 Deliverable Production Changed Item Cut-In date Production EC# Location / Vendor P1050700 HAL SOFTWARES Update HAL4 SOFTWARE from P1055475001 to P1055475002  INSIDE P1050700 HAL SOFTWARES 5/10/2023  TBD VMS BJ P1033543 BASE MODEL ASSY, PRE-CELL； P1033543 Rev G update to Rev H to include the HAL4.0.1 version software 5/10/2023  TBD VMS BJ, VMS Kemnath Golden Hard Drive P1055475001 need to update to P1055475002 5/10/2023  TBD VMS BJ D44778 Cage Test- Configured MI Update CBCT Password 5/10/2023  TBD VMS BJ, VMS Kemnath D44807 IRM Workstation Assembly MI Golden Image Update - dash number update 5/10/2023  TBD VMS BJ D39704 Console Test MI Update CBCT Password 5/10/2023  TBD VMS BJ D39700 4U workstation assembling MI Golden Image Update - dash number update 5/10/2023  TBD VMS BJ 70001514 IRM Workstation Assembly PCP Update Golden HDD information for updated software"
64,"29 1276585  Customer Tenders (MVP, AUMC) - View only view of MPC > 1.5 Software Configuration Management > 1.5.4 SOUP (Continued)",3,21-22,"5/10/2023  TBD VMS BJ 70001435 PCP 4U Workstation Assembly PCP Update Golden HDD information for updated software 5/10/2023  TBD VMS BJ New Device Master Record TBD 5/10/2023  TBD TBD HAL 4.0 MR1 Maintenance Release Document This document contains confidential, proprietary information of Varian Medical Systems. It may not be copied or reproduced without prior written permission from Varian Medical Systems. Doc Number Rev. Date D69533 05 Date of last e-Sign DND01F02 Rev 01 Page 22 of 34 CSS Documentation There will be STB(s) created for the field to perform the upgrade to HAL 4.0 MR1. The Services Plan SP-AL-Halcyon40 will be revised. There is no additional customer or internal training impact. Rollout Strategy To meet early HAL4.0 customer demand, we plan to build some v4.0 stocks in Beijing, EDC, and San Jose. The inventory will be updated to MR1 onsite. It helps reduce freight cost and mitigate tariff between China and US."
65,"29 1276585  Customer Tenders (MVP, AUMC) - View only view of MPC > 1.5 Software Configuration Management > 1.5.4 SOUP (Continued)",3,22-23,"Any customer (including CSP customers) who has received HAL 4.0 shall be upgraded to HAL 4.0 MR1. HAL 4.0 MR1 shall be the general availability release. Price Book and Sales Readiness Plans N/A. No changes required to the price book specific to the HAL 4.0MR1 software. Training of Sales and Order Processing Personnel NA. No additional training required specific to the HAL 4.0MR1 software. Supply Chain, Service Stock There is no hardware changed, therefore there is no material scrapped. Training of CSS Personnel No additional training required specific to the HAL 4.0MR1; the clinical details will be available in the customer release notes. Customer Training No additional training is needed specific to the HAL 4.0MR1 software; the changes will be documented in the customer release notes. HAL 4.0 MR1 Maintenance Release Document This document contains confidential, proprietary information of Varian Medical Systems. It may not be copied or reproduced without prior written"
66,"29 1276585  Customer Tenders (MVP, AUMC) - View only view of MPC > 1.5 Software Configuration Management > 1.5.4 SOUP (Continued)",3,23,permission from Varian Medical Systems. Doc Number Rev. Date D69533 05 Date of last e-Sign DND01F02 Rev 01 Page 23 of 34
67,2. Requirements,1,23,None. No new requirements or specifications are being introduced.
68,2. Requirements > 2.1 Other Changes,2,23-24,"No other changes besides the list in section 1.1 The table below maps any CAPA, Complaint, Hazard, Requirement and DR as applicable: CAPA Complaint Hazard Req DR Description N/A HAL 4.0 MR1 Maintenance Release Document This document contains confidential, proprietary information of Varian Medical Systems. It may not be copied or reproduced without prior written permission from Varian Medical Systems. Doc Number Rev. Date D69533 05 Date of last e-Sign DND01F02 Rev 01 Page 24 of 34 3. Risk, Hazard, and Safety Analysis"
69,2. Requirements > 3.1 Risk Management Plan,2,24,"The Risk Management Plan, D59555 is filed in the HAL 4.0 DHF."
70,2. Requirements > 3.2 Risk Analysis,2,24-25,"All the changes described in this document and their effects on the system, including external interfaces, were analyzed to assess whether any new hazards needed to be created or the risks associated with any existing hazards changed. HAL 4.0 MR1 is a maintenance release that address findings from the preclinical evaluation, customer facing issues and backlog items. None of these findings were determined to cause harm to the patient or user. No new hazards were identified, and no existing risks changed as a result of this release. HAL 4.0 MR1 Maintenance Release Document This document contains confidential, proprietary information of Varian Medical Systems. It may not be copied or reproduced without prior written permission from Varian Medical Systems. Doc Number Rev. Date D69533 05 Date of last e-Sign DND01F02 Rev 01 Page 25 of 34"
71,4. Regulatory Determination,1,25,Refer to Change Description CD0534-A Rev 05 and Country Filing Decisions CD0534-B Rev 02 for this release. HAL 4.0 MR1 will not impact type testing and will not trigger NMPA submission.
72,4. Regulatory Determination > 4.1 External Test Standards,2,25,"Only DR Fixes in this release, no effects on External Test standards."
73,4. Regulatory Determination > 4.2 NLS Implications,2,25-26,"No changes to supported languages. Only CRN will be translated per D51458 Dragon (HAL 4.0 – HAL 4.0 MR1) User Assistance Plan Rev 6. HAL 4.0 MR1 Maintenance Release Document This document contains confidential, proprietary information of Varian Medical Systems. It may not be copied or reproduced without prior written permission from Varian Medical Systems. Doc Number Rev. Date D69533 05 Date of last e-Sign DND01F02 Rev 01 Page 26 of 34"
74,5. Verification and Validation,1,26,"This section describes the verification and validation activities to be performed. It identifies the features that will be tested, testing tasks to be performed, testing criteria, environmental needs and dependencies. Refer to the V&V documentation in the DHF."
75,5. Verification and Validation > 5.1 Verification and Validation Plan,2,26,The changes defined in this document and any references to other design input documents provide the basis for the Verification Test Plan and the Validation Test Plan. For the Validation plan refer to D70753 HAL 4.0 MR1 Validation Plan Rev 01.
76,5. Verification and Validation > 5.1 Verification and Validation Plan > 5.1.1 Anomaly resolution and reporting,3,26,Anomalies will be reported and resolved per DR/Issue Handling Work Instruction.
77,5. Verification and Validation > 5.1 Verification and Validation Plan > 5.1.2 Pass/Fail Criteria,3,26,See DND08 Verification Work Instruction and DND09 Validation Work Instruction.
78,5. Verification and Validation > 5.1 Verification and Validation Plan > 5.1.3 Acceptance criteria,3,26,The V&V effort will be considered complete when all activities defined in this Verification and Validation Plan have been performed and results have been documented. See DND08 Verification Procedure and DND09 Validation Procedure.
79,5. Verification and Validation > 5.1 Verification and Validation Plan > 5.1.4 Devices to be Tested,3,26,The devices to be tested are: · HAL 4.0 MR1
80,5. Verification and Validation > 5.1 Verification and Validation Plan > 5.1.5 System Dependencies,3,26-27,"The following interfacing system components or devices are required to conduct verification and validation testing for the project: o Halcyon Version 4.0 MR1 o Ethos Radiotherapy System o Eclipse System o ARIA System Versions 15.6, 16.1, and 17.0 HAL 4.0 MR1 Maintenance Release Document This document contains confidential, proprietary information of Varian Medical Systems. It may not be copied or reproduced without prior written permission from Varian Medical Systems. Doc Number Rev. Date D69533 05 Date of last e-Sign DND01F02 Rev 01 Page 27 of 34"
81,5. Verification and Validation > 5.1 Verification and Validation Plan > 5.1.6 Verification and Validation Activities > 5.1.6.1 V&V Approach,4,27,For the Validation plan refer to D70753 HAL 4.0 MR1 Validation Plan Rev 01.
82,5. Verification and Validation > 5.1 Verification and Validation Plan > 5.1.6 Verification and Validation Activities > 5.1.6.1 V&V Approach > 5.1.6.1.1 Defect Testing,5,27,Defects will be reported to ADLM ADO and resolved per DND0102G01 ADLM Guidance.
83,5. Verification and Validation > 5.1 Verification and Validation Plan > 5.1.6 Verification and Validation Activities > 5.1.6.1 V&V Approach > 5.1.6.1.2 Risk and Hazard Testing,5,27,"No new risks or risk control measures were identified, and no existing risks or risk control measures changed as a result of this release. Therefore, no new safety test cases were created, and no existing test cases were updated for verification. Existing safety related requirements were chosen to be re-verified based on the impact analysis."
84,5. Verification and Validation > 5.1 Verification and Validation Plan > 5.1.6 Verification and Validation Activities > 5.1.6.1 V&V Approach > 5.1.6.1.3 Regression Testing,5,27,"Existing HAL test cases will be selected to run based on the impact analysis with regard to the changes made in HAL 4.0 MR1 including 4.0 MR1 development, Issue fixes, merge with True Beam, and compatibility with updates to ARIA and Eclipse. All safety and risk controls will be tested as a part of verification unless justification is provided. Regression analysis will be performed based on an opt in methodology, whereby requirements affected by HAL 4.0 MR1 will be identified along with a justification why regression testing is necessary. Linked test cases to those requirements will then be included in the HAL 4.0 MR1 regression test suite; all other HAL test cases will not be run for the HAL 4.0 MR1 release."
85,5. Verification and Validation > 5.1 Verification and Validation Plan > 5.1.6 Verification and Validation Activities > 5.1.6.1 V&V Approach > 5.1.6.1.4 Test Automation,5,27,HAL 4.0 MR1 will utilize automation testing for stability testing and formal requirements testing.
86,5. Verification and Validation > 5.1 Verification and Validation Plan > 5.1.6 Verification and Validation Activities > 5.1.6.1 V&V Approach > 5.1.6.1.4 Test Automation > 5.1.6.1.4.1 Stability Testing,6,27-28,"HAL test automation framework will be used to perform Halcyon ARIA stability testing, functional testing, Ethos adaptive workflow testing and machine stability automation. For automation, the delivery of various imaging and treatment techniques in clinical mode will be executed by an automation test framework. As per HAL current usage model approximately 100 patients are treated every day – where automation framework will be used to deliver 200 treatments to capture the performance counters. Note that the results of these automated tests are recorded outside of TFS, as they are not part of the formal requirements testing. HAL 4.0 MR1 Maintenance Release Document This document contains confidential, proprietary information of Varian Medical Systems. It may not be copied or reproduced without prior written permission from Varian Medical Systems. Doc Number Rev. Date D69533 05 Date of last e-Sign DND01F02 Rev 01 Page 28 of 34"
87,5. Verification and Validation > 5.1 Verification and Validation Plan > 5.1.6 Verification and Validation Activities > 5.1.6.1 V&V Approach > 5.1.6.1.4 Test Automation > 5.1.6.1.4.1 Stability Testing (Continued),6,28,"The above automation test runs are documented by a summary report, which includes a description of the plans used for the runs, the number of sessions treated and the number of sessions that were not treated. This report also includes faults, warnings and errors that occurred and the disposition of these anomalies. The summary report should contain at least 100 hours of run time for each of the machines that automation is run on."
88,5. Verification and Validation > 5.1 Verification and Validation Plan > 5.1.6 Verification and Validation Activities > 5.1.6.1 V&V Approach > 5.1.6.1.4 Test Automation > 5.1.6.1.4.2 Formal Requirements Testing,6,28,"Automation test cases for requirements testing will be developed and run for formal HAL 4.0 MR1 verification using FAST framework, and Python scripting language. In addition to the formal TFS test case review and approval process, the associated automation test scripts are code reviewed by representatives from the automation team and Halcyon PVE team to ensure that acceptance criteria is met, and sufficient objective evidence is referenced and logged. The results of this code review is recorded within TFS and has a unique review ID. The automation script code is checked in after successful completion of code review. Results of the automation runs will be recorded in TFS in the same test plan area as manual tests. Automated test runs will include the test environment information for the run, a pass/fail evaluation for each test step along with the results of that step, any supporting objective"
89,5. Verification and Validation > 5.1 Verification and Validation Plan > 5.1.6 Verification and Validation Activities > 5.1.6.1 V&V Approach > 5.1.6.1.4 Test Automation > 5.1.6.1.4.2 Formal Requirements Testing (Continued),6,28,"evidence required, and an overall pass/fail evaluation for the test case (automated test runs will have the same information in TFS compared to manual test execution). The FAST automation framework along with the interface to TFS will be validated as a process tool prior to formal verification testing using test automation."
90,5. Verification and Validation > 5.1 Verification and Validation Plan > 5.1.6 Verification and Validation Activities > 5.1.6.1 V&V Approach > 5.1.6.1.5 Compatibility Testing,5,28,Verification testing will be performed to ensure the compatibility of HAL 4.0 MR1 with the following configurations: Product Group #1 Product Group #2 Product Name(s) Version Product Name(s) Version Halcyon (Non-Adaptive)
91,4.0 MR1,1,28,ARIA/Eclipse (MV Imaging 15.6 only) ARIA/ Eclipse16.1 ARIA/Eclipse17 Ethos (Adaptive)
92,4.0 MR1,1,28-29,"TPMS 1.0 MR1 TPMS2.0 MR1 Physician’s Intent2.0 Compatibility testing scope will be determined as part of the impact analysis. HAL 4.0 MR1 Maintenance Release Document This document contains confidential, proprietary information of Varian Medical Systems. It may not be copied or reproduced without prior written permission from Varian Medical Systems. Doc Number Rev. Date D69533 05 Date of last e-Sign DND01F02 Rev 01 Page 29 of 34"
93,4.0 MR1 > 5.1.6.1.6 NLS Testing,5,29,NLS testing to be performed based on the impact analysis.
94,4.0 MR1 > 5.1.6.1.7 Upgrade and Installation testing,5,29,The following table lists the upgrade configurations that will be tested during verification phase: No. HAL Configuration before Upgrade HAL Configuration after upgrade Notes 1 HAL 3.1 ARIA ConfigurationHAL 4.0 MR1 ARIA Configuration This configuration will test the upgrade from Halcyon 3.1 ARIA to Halcyon 4.0 MR1 ARIA setup. 2 HAL 4.0 ARIA ConfigurationHAL 4.0 MR1 ARIA Configuration This configuration will test the upgrade from Halcyon 4.0 ARIA to Halcyon 4.0 MR1 ARIA setup.
95,4.0 MR1 > 5.1.6.1.8 Test Strategy,5,29,Please refer to Section 5.1.6.1 V&V Approach of this document.
96,4.0 MR1 > 5.1.6.2 V&V Activities Table,4,29-30,"The following activities will be performed for this project: For the Validation activities refer to D70753 HAL 4.0 MR1 Validation Plan Rev 01. Activity Scope In Scope (Yes/No) Responsibility / Name / Department / Point of Contact Output Function, architecture, algorithm etc. FDD, CDD, FMEA, Test Strategy Design ReviewsYesEng: Dipesh Shah Eng: Steven Rose Eng: Jozef Veis Review Report Software code reviews YesEng: Dipesh Shah Eng: Steven Rose Eng: Jozef Veis Code review is performed as part of TFS work items. There are no separate code review reports. Eng: Dipesh Shah White box testingYes Eng: Steven Rose Eng: Jozef Veis Test Report Reliability testing No (There are no HW changes in this MR scope) N/A N/A HAL 4.0 MR1 Maintenance Release Document This document contains confidential, proprietary information of Varian Medical Systems. It may not be copied or reproduced without prior written permission from Varian Medical Systems. Doc Number Rev. Date D69533 05 Date of last e-Sign"
97,4.0 MR1 > 5.1.6.2 V&V Activities Table (Continued),4,30,"DND01F02 Rev 01 Page 30 of 34 Requirements, DRs, SyRS, SubSys, Test Strategy Functional Verification testing Eng: Dipesh Shah Yes Test Report SQE: David Wu Non-functional Verification No (Not in this MR scope) N/A N/A IEC Testing No (Not in this Regulatory MR scope) N/A N/A Clinical Data Evaluation No (Not in this MR scope) N/A N/A Scientific Literature Research No (Not part of this MR scope) N/A N/A Risk Management Report Verification of safety requirements Yes, if the test case(s) in the impact analysis (13, 14) is related to RCM. Eng: Krystina Szafran RMR Validation of effectiveness of safety requirements No (No change to RCM validation, Not part of this MR scope) N/A N/A Market Introduction Plan Upgrade and installation tests Yes PSE: Paul Ugalde PSE: Stephan Warfield SQE: David Wu TFS Test Logs Test Report LabelingVerification - Safety Labels, Warnings No SQE: David Wu Test Report Validation – Safety Labels, warnings No Validation: Laura Buchanan Test Report IFU, Reference Guides"
98,4.0 MR1 > 5.1.6.2 V&V Activities Table (Continued),4,30-31,"Yes Tech Pubs: Eric De Biasi IFU CRN Packaging Validation Manufacturing N/A Manufacturing: Hao Sun No need, reuse HAL4.0 Report 70002557 Process Validation Yes Manufacturing: Hao Sun To be evaluated after product validation is finished Golden MediaCreation, labeling Validation Yes HWDA: Tian Wei Test Report HAL 4.0 MR1 Maintenance Release Document This document contains confidential, proprietary information of Varian Medical Systems. It may not be copied or reproduced without prior written permission from Varian Medical Systems. Doc Number Rev. Date D69533 05 Date of last e-Sign DND01F02 Rev 01 Page 31 of 34"
99,4.0 MR1 > 5.1.7 Environmental Needs,3,31,"This section identifies the necessary and desired test environments for verification testing, to ensure they are in place in time for the start of testing. Simulated use conditions are justified in the table below. Maintenance of the validation environment follows the process outlined in DND0913. For the Validation Environment refer to D70753 HAL 4.0 MR1 Validation Plan Rev 01, section 3 Environmental Needs. Note: Cell machines will be configuration controlled using SAP to ensure production equivalence. Formal test environments will have associated Test System Configuration Lists (TSCL) documentation. ID Test Environment DescriptionJustification for Simulated Use Conditions Cell A (SN3) Palo Alto Test Cell. Complete Halcyon 4.0 MR1 configured with old imager - (including covers and couch) capable of delivering MV and KV beam.  Access to ARIA database. No Sim and Treat capability. Device is production equivalent.  A phantom (or nothing) is"
100,4.0 MR1 > 5.1.7 Environmental Needs (Continued),3,31,"used in lieu of a patient during beam delivery.  Environment is suitable for validation and verification testing. Cell B (SN6) Baden Test Cell.  Complete Halcyon 4.0 MR1 (including covers and couch) capable of delivering MV and KV beam using advanced Imaging.  Capable of Sim and Treat workflow. (Machine has capability to switch between old and new KV imager). Device is production equivalent.  A phantom (or nothing) is used in lieu of a patient during beam delivery. Environment is suitable for validation and verification testing. Cell C (SN9) Baden Test Cell.  Complete Halcyon 4.0 MR1 (including covers and couch) capable of delivering MV and KV beam using advanced Imaging.  Capable of Sim and Treat workflow. (Machine has capability to switch between old and new KV imager). Device is production equivalent.  A phantom (or nothing) is used in lieu of a patient during beam delivery. Environment is suitable for validation and verification testing. Lab A (SQE1, SW1)"
101,4.0 MR1 > 5.1.7 Environmental Needs (Continued),3,31,"Palo Alto software lab (2):  Halcyon workstation and IRM computer and displays, with live view camera, CBCT reconstructor, XI imaging node, and Supervisor node. The Lab workstation is configured as production equivalent, including its interfaces to the supervisor node. The supervisor is simulating its interaction to other machine nodes (with the exception of imaging node).  Platform is suitable for verification of functional requirements of TXA, non-clinical mode apps, and IRM not directly associated with beam output, imaging, or beam quality. Lab B (SQE2, NLS2) Palo Alto software lab (3):  Halcyon workstation, Supervisor node, and XI imaging node. The Lab workstation is configured as production equivalent, including its interfaces to the supervisor node. The supervisor is simulating its interaction to other machine nodes (with the exception of imaging node).  Platform is suitable for verification of functional requirements of TXA,"
102,4.0 MR1 > 5.1.7 Environmental Needs (Continued),3,31-32,"non-clinical mode apps, not directly associated with beam output, imaging, live view camera, or beam quality. Also suitable for NLS testing. U/X Lab (UX2) Palo Alto U/X lab:  Halcyon workstation with DKB and Panel displays, Panel input devices, couch, bore collision detection, Supervisor node, STN node, Couch node, BGM node, pendant, CT reconstructor workstation, lasers, live view camera. U/X lab has production equivalent couch hardware, suitable for mechanical verification testing.  It also has production workstation, supervisor, STN, and user input devices, and is suitable for workflow testing involving patient positioning (align, load, shift, unload). Platform is suitable for verification of requirements not directly related to beam output, imaging, or beam quality. HAL 4.0 MR1 Maintenance Release Document This document contains confidential, proprietary information of Varian Medical Systems. It may not be copied or reproduced without prior written"
103,4.0 MR1 > 5.1.7 Environmental Needs (Continued),3,32,permission from Varian Medical Systems. Doc Number Rev. Date D69533 05 Date of last e-Sign DND01F02 Rev 01 Page 32 of 34
104,4.0 MR1 > 5.2 Verification Test Specification,2,32,The verification test procedures for Engineering and SQE can be found at the following TFS location: https://tfs-app.vms.ad.varian.com/VMS/1-VMS/_testManagement?planId=1238829
105,4.0 MR1 > 5.3 Validation Test Specification,2,32-33,"The verification test procedures for Engineering and SQE can be found at the following TFS location: https://tfs-app.vms.ad.varian.com/VMS/1-VMS/_testManagement?planId=1277212 HAL 4.0 MR1 Maintenance Release Document This document contains confidential, proprietary information of Varian Medical Systems. It may not be copied or reproduced without prior written permission from Varian Medical Systems. Doc Number Rev. Date D69533 05 Date of last e-Sign DND01F02 Rev 01 Page 33 of 34 6. Verification and Validation Summary Report To be Determined"
106,4.0 MR1 > 6.1 Test Results,2,33,To be Determined
107,4.0 MR1 > 6.2 Traceability,2,33,To be Determined
108,4.0 MR1 > 6.3 Released Compatibility,2,33,To be Determined
109,4.0 MR1 > 6.4 Evaluation,2,33-34,"To be Determined HAL 4.0 MR1 Maintenance Release Document This document contains confidential, proprietary information of Varian Medical Systems. It may not be copied or reproduced without prior written permission from Varian Medical Systems. Doc Number Rev. Date D69533 05 Date of last e-Sign DND01F02 Rev 01 Page 34 of 34 Appendix: References"
110,18. D73871 HAL 4.0 MR1 Project Plan Change Request 3 Rev01,1,34-35,"Document Signing Page This document has been reviewed and electronically signed by the following people: Workflow ID: 195288933, Doc Title: HAL 4.0 MR1 Maintenance Release Document, Doc No:D69533, Rev: 05, Approver: Asha Dholakia (gbb9879), Title: Project Manager, Date: Wednesday, 03/15/2023 11:16 AM  Pacific Daylight Time, Meaning: I acknowledge my electronic signature carries the same meaning as a handwritten signature Workflow ID: 195288933, Doc Title: HAL 4.0 MR1 Maintenance Release Document, Doc No:D69533, Rev: 05, Approver: Chi Tran (csr3911), Title: Sr Design QA Engineer, Date: Thursday, 03/16/2023 01:20 AM  Pacific Daylight Time, Meaning: I acknowledge my electronic signature carries the same meaning as a handwritten signature Workflow ID: 195288933, Doc Title: HAL 4.0 MR1 Maintenance Release Document, Doc No:D69533, Rev: 05, Approver: Eric Lindquist (cld3669), Title: VP, RTS Product Management, Date:"
111,18. D73871 HAL 4.0 MR1 Project Plan Change Request 3 Rev01 (Continued),1,35,"Thursday, 03/16/2023 08:42 AM  Pacific Daylight Time, Meaning: I acknowledge my electronic signature carries the same meaning as a handwritten signature Workflow ID: 195288933, Doc Title: HAL 4.0 MR1 Maintenance Release Document, Doc No:D69533, Rev: 05, Approver: Magdalena Constantin (mconstan), Title: Sr Product Manager, Date: Thursday, 03/16/2023 11:58 AM  Pacific Daylight Time, Meaning: I acknowledge my electronic signature carries the same meaning as a handwritten signature"
